Length (μm),Diameter (μm),Length to diameter Ratio
4.61,0.76,6.065789474
2.49,0.87,2.862068966
3.81,0.83,4.590361446
5.11,0.71,7.197183099
5.56,1.2,4.633333333
3.59,0.91,3.945054945
3.75,0.74,5.067567568
3.46,1.22,2.836065574
7.11,1.11,6.405405405
5.58,1.17,4.769230769
6.87,0.94,7.308510638
5.44,1.06,5.132075472
5.81,1.07,5.429906542
5.86,0.88,6.659090909
4.41,1.14,3.868421053
6.38,1.15,5.547826087
3.6,0.85,4.235294118
5.82,1.06,5.490566038
3.86,0.94,4.106382979
2.76,0.59,4.677966102
3.25,0.87,3.735632184
3.41,0.86,3.965116279
3.13,0.94,3.329787234
8.6,1.01,8.514851485
8.86,1.01,8.772277228
2.84,1.04,2.730769231
5.88,1.05,5.6
4.73,0.74,6.391891892
2.77,1.18,2.347457627
3.56,0.77,4.623376623
3.38,0.89,3.797752809
2.25,0.89,2.528089888
3.65,1.01,3.613861386
4.18,0.99,4.222222222
4.93,0.88,5.602272727
2.77,0.82,3.37804878
3.84,0.87,4.413793103
5.1,1.07,4.76635514
8.32,1.07,7.775700935
5.29,0.79,6.696202532
4.1,0.76,5.394736842
5.81,0.81,7.172839506
7.9,1.27,6.220472441
2.23,0.58,3.844827586
2.99,0.85,3.517647059
7.74,0.94,8.234042553
7.53,1.2,6.275
5.23,1.05,4.980952381
6.82,0.78,8.743589744
5.21,0.95,5.484210526
5.35,0.98,5.459183673
6.9,0.91,7.582417582
3.02,0.75,4.026666667
3.82,0.84,4.547619048
3.63,0.84,4.321428571
4.02,1.24,3.241935484
3.06,0.9,3.4
7.74,0.94,8.234042553
5.37,0.81,6.62962963
7.04,1.12,6.285714286
6.21,1.02,6.088235294
4.36,1.01,4.316831683
5.4,1.15,4.695652174
6.11,1.04,5.875
3.51,0.99,3.545454545
5.03,0.89,5.651685393
5.55,1.06,5.235849057
3.72,0.99,3.757575758
6.05,1.19,5.084033613
3.57,0.88,4.056818182
4.37,0.66,6.621212121
3.47,0.94,3.691489362
3.61,0.76,4.75
5.2,0.91,5.714285714
7.33,1.15,6.373913043
4.3,0.9,4.777777778
4.35,1.02,4.264705882
5.44,0.96,5.666666667
8.17,1.36,6.007352941
5.09,1.03,4.941747573
4.91,1.02,4.81372549
3.92,1.02,3.843137255
4.55,0.88,5.170454545
2.76,0.95,2.905263158
5.97,1.18,5.059322034
8.49,1.03,8.242718447
3.33,0.83,4.012048193
4.37,0.93,4.698924731
4.14,0.83,4.987951807
7.66,0.9,8.511111111
3.26,0.99,3.292929293
5.89,0.92,6.402173913
5.14,0.99,5.191919192
3.12,0.82,3.804878049
5.77,1.08,5.342592593
2.23,1.0,2.23
3.81,0.78,4.884615385
2.85,0.57,5.0
4.58,1.09,4.201834862
4.2,1.03,4.077669903
4.77,0.94,5.074468085
2.99,1.14,2.622807018
3.49,0.79,4.417721519
3.46,0.73,4.739726027
3.54,0.94,3.765957447
7.22,1.05,6.876190476
4.81,1.14,4.219298246
3.25,0.84,3.869047619
3.05,0.87,3.505747126
7.23,0.95,7.610526316
3.19,0.84,3.797619048
6.09,0.89,6.842696629
2.78,0.74,3.756756757
4.12,0.9,4.577777778
6.43,1.2,5.358333333
3.4,0.9,3.777777778
2.75,0.98,2.806122449
3.75,0.84,4.464285714
4.38,0.87,5.034482759
5.5,1.23,4.471544715
3.26,1.31,2.488549618
4.21,0.95,4.431578947
5.03,0.89,5.651685393
3.78,0.67,5.641791045
8.02,1.19,6.739495798
4.43,1.04,4.259615385
3.69,1.02,3.617647059
5.88,1.05,5.6
4.86,1.05,4.628571429
3.56,0.9,3.955555556
5.68,1.05,5.40952381
4.61,1.05,4.39047619
3.34,0.81,4.12345679
2.72,1.03,2.640776699
4.21,0.93,4.52688172
5.69,1.1,5.172727273
7.35,1.14,6.447368421
4.17,0.99,4.212121212
4.64,0.86,5.395348837
3.03,0.94,3.223404255
4.92,1.1,4.472727273
4.91,0.83,5.915662651
2.9,0.98,2.959183673
2.35,1.01,2.326732673
3.7,0.98,3.775510204
4.04,0.6,6.733333333
5.2,0.98,5.306122449
8.31,1.2,6.925
5.29,0.91,5.813186813
4.07,1.02,3.990196078
2.87,0.8,3.5875
3.41,0.94,3.627659574
6.8,1.02,6.666666667
5.59,0.94,5.946808511
4.74,0.78,6.076923077
3.4,0.88,3.863636364
3.58,0.9,3.977777778
5.26,0.97,5.422680412
4.82,0.85,5.670588235
3.51,0.87,4.034482759
6.39,1.27,5.031496063
4.3,0.82,5.243902439
3.74,0.83,4.506024096
5.7,1.05,5.428571429
6.04,0.73,8.273972603
7.35,0.75,9.8
5.05,1.15,4.391304348
5.88,1.17,5.025641026
3.1,0.94,3.29787234
4.69,1.09,4.302752294
3.25,0.88,3.693181818
5.83,1.08,5.398148148
3.94,1.03,3.825242718
6.06,0.97,6.24742268
3.62,0.9,4.022222222
6.37,1.07,5.953271028
7.4,0.97,7.628865979
2.35,1.11,2.117117117
5.15,1.11,4.63963964
6.89,0.93,7.408602151
4.08,0.72,5.666666667
5.29,0.9,5.877777778
3.88,1.09,3.559633028
5.34,0.93,5.741935484
4.62,0.94,4.914893617
4.8,1.18,4.06779661
5.09,1.08,4.712962963
5.19,0.84,6.178571429
7.81,1.05,7.438095238
3.44,1.14,3.01754386
3.96,0.92,4.304347826
7.87,1.18,6.669491525
5.05,1.03,4.902912621
3.39,0.91,3.725274725
7.74,1.19,6.504201681
4.51,0.91,4.956043956
4.19,1.08,3.87962963
3.71,1.1,3.372727273
4.46,0.97,4.597938144
3.95,0.94,4.20212766
7.0,1.08,6.481481481
3.04,0.86,3.534883721
5.96,1.29,4.620155039
2.9,0.98,2.959183673
3.55,0.68,5.220588235
2.92,0.77,3.792207792
2.93,1.0,2.93
4.84,0.94,5.14893617
3.55,0.88,4.034090909
5.04,0.73,6.904109589
3.82,0.71,5.38028169
7.02,0.92,7.630434783
5.17,0.77,6.714285714
4.4,1.01,4.356435644
4.11,0.84,4.892857143
6.64,1.15,5.773913043
2.98,0.79,3.772151899
3.48,0.98,3.551020408
3.73,0.91,4.098901099
3.88,1.01,3.841584158
4.86,1.1,4.418181818
3.03,0.86,3.523255814
8.22,1.04,7.903846154
4.96,0.87,5.701149425
4.3,1.24,3.467741935
3.33,0.67,4.970149254
5.97,1.22,4.893442623
7.53,1.21,6.223140496
6.31,1.37,4.605839416
5.18,1.03,5.029126214
4.55,0.9,5.055555556
3.98,0.88,4.522727273
3.46,0.96,3.604166667
5.76,1.29,4.465116279
8.96,1.55,5.780645161
4.13,1.01,4.089108911
4.79,0.94,5.095744681
3.59,0.87,4.126436782
2.76,0.99,2.787878788
4.09,0.89,4.595505618
3.81,0.97,3.927835052
3.66,0.91,4.021978022
7.04,1.18,5.966101695
3.14,0.62,5.064516129
3.26,0.94,3.468085106
4.52,1.0,4.52
5.48,1.04,5.269230769
6.79,0.84,8.083333333
3.03,0.67,4.52238806
4.48,1.0,4.48
4.62,1.24,3.725806452
4.11,0.85,4.835294118
5.8,1.01,5.742574257
3.12,0.97,3.216494845
7.79,1.13,6.89380531
4.15,0.79,5.253164557
4.54,1.01,4.495049505
6.38,1.33,4.796992481
4.09,0.81,5.049382716
3.47,0.79,4.392405063
4.31,0.83,5.192771084
2.8,0.71,3.943661972
4.51,1.17,3.854700855
6.55,1.03,6.359223301
4.59,0.89,5.157303371
4.23,0.77,5.493506494
7.67,0.86,8.918604651
7.39,1.33,5.556390977
4.43,0.97,4.567010309
4.14,1.04,3.980769231
2.49,0.84,2.964285714
4.49,1.07,4.196261682
5.99,1.26,4.753968254
5.73,1.28,4.4765625
5.24,1.26,4.158730159
6.26,0.9,6.955555556
5.16,1.21,4.26446281
2.49,0.78,3.192307692
4.57,0.9,5.077777778
5.1,1.0,5.1
2.02,0.84,2.404761905
3.37,1.06,3.179245283
5.1,1.13,4.513274336
4.66,1.06,4.396226415
3.58,0.91,3.934065934
3.81,0.78,4.884615385
5.08,0.92,5.52173913
4.06,0.86,4.720930233
3.54,0.86,4.11627907
4.04,0.73,5.534246575
6.77,0.94,7.20212766
3.73,0.96,3.885416667
3.18,0.79,4.025316456
2.68,0.97,2.762886598
3.18,0.84,3.785714286
5.5,0.96,5.729166667
4.38,0.91,4.813186813
5.21,0.95,5.484210526
3.82,0.84,4.547619048
5.95,1.02,5.833333333
2.76,0.8,3.45
4.55,0.93,4.892473118
5.88,1.09,5.394495413
6.36,1.37,4.642335766
5.0,0.81,6.172839506
3.28,1.18,2.779661017
4.03,0.74,5.445945946
4.67,1.07,4.364485981
6.4,1.29,4.96124031
4.05,0.81,5.0
3.33,1.01,3.297029703
8.18,1.33,6.15037594
5.63,0.84,6.702380952
3.79,1.0,3.79
6.87,0.81,8.481481481
4.12,1.19,3.462184874
6.0,1.24,4.838709677
2.38,0.84,2.833333333
3.76,0.99,3.797979798
4.64,1.07,4.336448598
3.18,1.03,3.087378641
2.73,0.83,3.289156627
6.28,0.85,7.388235294
3.23,0.72,4.486111111
4.6,0.89,5.168539326
2.95,0.85,3.470588235
3.49,0.88,3.965909091
3.5,0.91,3.846153846
4.34,1.08,4.018518519
4.92,1.15,4.27826087
3.29,0.69,4.768115942
3.11,1.11,2.801801802
3.34,0.72,4.638888889
7.72,0.66,11.6969697
3.75,1.01,3.712871287
3.82,0.93,4.107526882
7.12,1.11,6.414414414
5.55,1.07,5.186915888
4.84,0.89,5.438202247
5.87,0.96,6.114583333
3.64,0.93,3.913978495
3.69,1.1,3.354545455
6.42,1.04,6.173076923
3.46,1.0,3.46
4.51,0.96,4.697916667
5.77,1.04,5.548076923
4.8,0.85,5.647058824
3.27,0.75,4.36
3.84,0.84,4.571428571
4.09,0.83,4.927710843
4.32,0.87,4.965517241
5.77,0.97,5.948453608
2.71,0.8,3.3875
2.68,1.0,2.68
3.81,1.25,3.048
6.76,1.12,6.035714286
5.06,1.18,4.288135593
3.46,0.89,3.887640449
7.74,0.99,7.818181818
6.56,0.96,6.833333333
